insert into published_title (id, isbn, title, author) values
(1, '9784296105441', 'Amazon Web Services 基礎からのネットワーク＆サーバー構築 改訂3版', '大潟文孝／著 玉川憲／著 片山暁雄／著 今井雄太／著'),
(2, '9784873119762', 'Head Firstデザインパターン 第2版', 'EricFreeman／著 ElisabethRobson／著 佐藤直生／監修・翻訳 ほか'),
(3, '9784798154080', 'Java言語で学ぶデザインパターン入門', '結城浩／著'),
(4, '9784295018537', 'SQLゼロからはじめるデータベース操作', 'BillKarwin／著 佐藤直生／監修 児島修／翻訳'),
(5, '9784297123055', '達人に学ぶDB設計徹底指南書', 'ミック／著'),
(6, '9784798142407', 'Webを支える技術 HTTP, URI, HTML そしてREST', '山本陽平／著'),
(7, '9784839953422', 'SCRUM BOOT CAMP THE BOOK', 'JeffPatton／著 川口恭伸／監修 長沢智治／翻訳'),
(8, '9784873119763', 'ユーザーストーリーマッピング', 'Henney,Kevin／著 和田卓人／監修 夏目大／翻訳'), -- ← 修正済み
(9, '9784798142403', 'リーダブルコード ―より良いコードを書くためのシンプルで実践的なテクニック', 'DustinBoswell／著 TrevorFoucher／著'),
(10, '9784798127080', 'SQLアンチパターン', 'BillKarwin／著 水野貴明／翻訳'),
(11, '9784798161053', 'JavaScript本格入門', '山田祥寛／著'),
(12, '9784798132350', '独習Java 新版', '山田祥寛／著'),
(13, '9784798124560', '初めてのJavaScript 第2版', 'DavidFlanagan／著 山田祥寛／翻訳'),
(14, '9784798154086', 'Vue.js入門', '柴田文彦／著'),
(15, '9784798132336', 'React入門', '中田秀基／著'),
(16, '9784798154079', 'Angular開発実践ガイド', '中西理恵／著'),
(17, '9784296101238', 'Javaで学ぶアルゴリズムとデータ構造', '結城浩／著'),
(18, '9784798123570', 'Java逆引きレシピ', '結城浩／著'),
(19, '9784297123482', 'アルゴリズム図鑑', '石田保輝／著'),
(20, '9784296105442', 'AWSではじめるクラウド開発入門', '大潟文孝／著'),
(21, '9784297123109', 'Pythonによるスクレイピング入門', '石田基広／著'),
(22, '9784296105014', 'Effective Java 第3版', 'JoshuaBloch／著 柴田芳樹／翻訳'),
(23, '9784798133127', 'Clean Code アジャイルソフトウェア達人の技', 'RobertC.Martin／著'),
(24, '9784798142487', 'ソフトウェアアーキテクチャ設計入門', '鈴木雄介／著'),
(25, '9784296105021', 'Javaパフォーマンス チューニングの勘所', '川口耕介／著'),
(26, '9784296105038', 'JUnit実践入門', '吉田健太郎／著'),
(27, '9784798152417', 'Spring Boot2徹底活用', '金子寛彦／著'),
(28, '9784296105045', 'Thymeleaf完全ガイド', '岡本直樹／著'),
(29, '9784798142418', 'Web API設計のベストプラクティス', '山田祥寛／著'),
(30, '9784296105052', 'Javaで作る業務アプリケーション入門', '佐藤正美／著'),
(31, '9784296105069', 'DDD入門 ドメイン駆動設計の基本', '千葉啓和／著'),
(32, '9784798142494', 'RESTful Webサービス 第2版', 'LeonardRichardson／著'),
(33, '9784296105076', 'Kotlin実践プログラミング', '長谷川智希／著'),
(34, '9784798142488', 'JavaEE7徹底攻略', '吉田健太郎／著'),
(35, '9784296105083', 'アジャイルサムライ', 'JonathanRasmusson／著'),
(36, '9784296105090', 'JUnit5徹底解説', '川端光義／著'),
(37, '9784798142402', 'Effective JavaScript', 'DavidHerman／著'),
(38, '9784296105106', 'HTML5&CSS3デザインブック', '古籏一浩／著'),
(39, '9784296105113', 'SQL超入門', 'ミック／著'),
(40, '9784296105120', 'SQLパフォーマンスチューニング', 'ミック／著'),
(41, '9784798127484', 'データベース実践入門', 'ミック／著'),
(42, '9784296105137', 'パーフェクトJava', '鈴木一郎／著'),
(43, '9784798142401', 'モダンJavaScriptの基本から学ぶ', '鈴木太郎／著'),
(44, '9784296105144', 'はじめてのReact', '佐藤太郎／著'),
(45, '9784296105151', '入門JavaEEアプリケーション開発', '岡田貴之／著'),
(46, '9784798142412', 'Pythonで学ぶデータ分析入門', '高橋一郎／著'),
(47, '9784296105168', 'Kotlinスタートブック', '田中宏明／著'),
(48, '9784798142429', 'JavaScriptによるモダン開発', '岡本直樹／著'),
(49, '9784296105175', '現場で使えるSpring入門', '川崎翔太／著'),
(50, '9784798142436', 'リファクタリング 第2版', 'MartinFowler／著 児玉公信／翻訳');

insert into collection (id, status, serial_number, published_title_id) values
(1, 'IN_SERVICE', 1, (select id from published_title where isbn = '9784296105441')),
(2, 'IN_SERVICE', 2, (select id from published_title where isbn = '9784296105441')),
(3, 'IN_SERVICE', 3, (select id from published_title where isbn = '9784798154080')),
(4, 'IN_SERVICE', 4, (select id from published_title where isbn = '9784295018537')),
(5, 'IN_SERVICE', 5, (select id from published_title where isbn = '9784297123055')),
(6, 'IN_SERVICE', 6, (select id from published_title where isbn = '9784798142407')),
(7, 'IN_SERVICE', 7, (select id from published_title where isbn = '9784839953422')),
(8, 'IN_SERVICE', 8, (select id from published_title where isbn = '9784873119762')),
(9, 'IN_SERVICE', 9, (select id from published_title where isbn = '9784798142403')),
(10, 'IN_SERVICE', 10, (select id from published_title where isbn = '9784798127080')),
(11, 'IN_SERVICE', 11, (select id from published_title where isbn = '9784798161053')),
(12, 'IN_SERVICE', 12, (select id from published_title where isbn = '9784798132350')),
(13, 'IN_SERVICE', 13, (select id from published_title where isbn = '9784798124560')),
(14, 'IN_SERVICE', 14, (select id from published_title where isbn = '9784798154086')),
(15, 'IN_SERVICE', 15, (select id from published_title where isbn = '9784798132336')),
(16, 'IN_SERVICE', 16, (select id from published_title where isbn = '9784798154079')),
(17, 'IN_SERVICE', 17, (select id from published_title where isbn = '9784296101238')),
(18, 'IN_SERVICE', 18, (select id from published_title where isbn = '9784798123570')),
(19, 'IN_SERVICE', 19, (select id from published_title where isbn = '9784297123482')),
(20, 'IN_SERVICE', 20, (select id from published_title where isbn = '9784296105441')),
(21, 'IN_SERVICE', 21, (select id from published_title where isbn = '9784297123109')),
(22, 'IN_SERVICE', 22, (select id from published_title where isbn = '9784296105014')),
(23, 'IN_SERVICE', 23, (select id from published_title where isbn = '9784798133127')),
(24, 'IN_SERVICE', 24, (select id from published_title where isbn = '9784798142487')),
(25, 'IN_SERVICE', 25, (select id from published_title where isbn = '9784296105021')),
(26, 'IN_SERVICE', 26, (select id from published_title where isbn = '9784296105038')),
(27, 'IN_SERVICE', 27, (select id from published_title where isbn = '9784798152417')),
(28, 'IN_SERVICE', 28, (select id from published_title where isbn = '9784296105045')),
(29, 'IN_SERVICE', 29, (select id from published_title where isbn = '9784798142418')),
(30, 'IN_SERVICE', 30, (select id from published_title where isbn = '9784296105052')),
(31, 'IN_SERVICE', 31, (select id from published_title where isbn = '9784296105069')),
(32, 'IN_SERVICE', 32, (select id from published_title where isbn = '9784798142494')),
(33, 'IN_SERVICE', 33, (select id from published_title where isbn = '9784296105076')),
(34, 'IN_SERVICE', 34, (select id from published_title where isbn = '9784798142401')),
(35, 'IN_SERVICE', 35, (select id from published_title where isbn = '9784296105083')),
(36, 'IN_SERVICE', 36, (select id from published_title where isbn = '9784296105090')),
(37, 'IN_SERVICE', 37, (select id from published_title where isbn = '9784798142401')),
(38, 'IN_SERVICE', 38, (select id from published_title where isbn = '9784296105106')),
(39, 'IN_SERVICE', 39, (select id from published_title where isbn = '9784296105113')),
(40, 'IN_SERVICE', 40, (select id from published_title where isbn = '9784296105120')),
(40, 'IN_SERVICE', 40, (select id from published_title where isbn = '9784296105120')),
(41, 'IN_SERVICE', 41, (select id from published_title where isbn = '9784798127484')),
(42, 'IN_SERVICE', 42, (select id from published_title where isbn = '9784296105137')),
(43, 'IN_SERVICE', 43, (select id from published_title where isbn = '9784798142401')),
(44, 'IN_SERVICE', 44, (select id from published_title where isbn = '9784296105144')),
(45, 'IN_SERVICE', 45, (select id from published_title where isbn = '9784296105151')),
(46, 'IN_SERVICE', 46, (select id from published_title where isbn = '9784798142412')),
(47, 'IN_SERVICE', 47, (select id from published_title where isbn = '9784296105168')),
(48, 'IN_SERVICE', 48, (select id from published_title where isbn = '9784798142429')),
(49, 'IN_SERVICE', 49, (select id from published_title where isbn = '9784296105175')),
(50, 'IN_SERVICE', 50, (select id from published_title where isbn = '9784798142436')),
(51, 'IN_SERVICE', 51, (select id from published_title where isbn = '9784798154080')),
(52, 'IN_SERVICE', 52, (select id from published_title where isbn = '9784295018537')),
(53, 'IN_SERVICE', 53, (select id from published_title where isbn = '9784297123055')),
(54, 'IN_SERVICE', 54, (select id from published_title where isbn = '9784798142407')),
(55, 'IN_SERVICE', 55, (select id from published_title where isbn = '9784839953422')),
(56, 'IN_SERVICE', 56, (select id from published_title where isbn = '9784873119762')),
(57, 'IN_SERVICE', 57, (select id from published_title where isbn = '9784798142403')),
(58, 'IN_SERVICE', 58, (select id from published_title where isbn = '9784798127080')),
(59, 'IN_SERVICE', 59, (select id from published_title where isbn = '9784798161053')),
(60, 'IN_SERVICE', 60, (select id from published_title where isbn = '9784798132350')),
(61, 'IN_SERVICE', 61, (select id from published_title where isbn = '9784798124560')),
(62, 'IN_SERVICE', 62, (select id from published_title where isbn = '9784798154086')),
(63, 'IN_SERVICE', 63, (select id from published_title where isbn = '9784798132336')),
(64, 'IN_SERVICE', 64, (select id from published_title where isbn = '9784798154079')),
(65, 'IN_SERVICE', 65, (select id from published_title where isbn = '9784296101238')),
(66, 'IN_SERVICE', 66, (select id from published_title where isbn = '9784798123570')),
(67, 'IN_SERVICE', 67, (select id from published_title where isbn = '9784297123482')),
(68, 'IN_SERVICE', 68, (select id from published_title where isbn = '9784296105441')),
(69, 'IN_SERVICE', 69, (select id from published_title where isbn = '9784297123109')),
(70, 'IN_SERVICE', 70, (select id from published_title where isbn = '9784296105014')),
(71, 'IN_SERVICE', 71, (select id from published_title where isbn = '9784798133127')),
(72, 'IN_SERVICE', 72, (select id from published_title where isbn = '9784798142487')),
(73, 'IN_SERVICE', 73, (select id from published_title where isbn = '9784296105021')),
(74, 'IN_SERVICE', 74, (select id from published_title where isbn = '9784296105038')),
(75, 'IN_SERVICE', 75, (select id from published_title where isbn = '9784798152417')),
(76, 'IN_SERVICE', 76, (select id from published_title where isbn = '9784296105045')),
(77, 'IN_SERVICE', 77, (select id from published_title where isbn = '9784798142418')),
(78, 'IN_SERVICE', 78, (select id from published_title where isbn = '9784296105052')),
(79, 'IN_SERVICE', 79, (select id from published_title where isbn = '9784296105069')),
(80, 'IN_SERVICE', 80, (select id from published_title where isbn = '9784798142494')),
(81, 'IN_SERVICE', 81, (select id from published_title where isbn = '9784296105076')),
(82, 'IN_SERVICE', 82, (select id from published_title where isbn = '9784798142401')),
(83, 'IN_SERVICE', 83, (select id from published_title where isbn = '9784296105083')),
(84, 'IN_SERVICE', 84, (select id from published_title where isbn = '9784296105090')),
(85, 'IN_SERVICE', 85, (select id from published_title where isbn = '9784798142401')),
(86, 'IN_SERVICE', 86, (select id from published_title where isbn = '9784296105106')),
(87, 'IN_SERVICE', 87, (select id from published_title where isbn = '9784296105113')),
(88, 'IN_SERVICE', 88, (select id from published_title where isbn = '9784296105120')),
(89, 'IN_SERVICE', 89, (select id from published_title where isbn = '9784798127484')),
(90, 'IN_SERVICE', 90, (select id from published_title where isbn = '9784296105137')),
(91, 'IN_SERVICE', 91, (select id from published_title where isbn = '9784798142401')),
(92, 'IN_SERVICE', 92, (select id from published_title where isbn = '9784296105144')),
(93, 'IN_SERVICE', 93, (select id from published_title where isbn = '9784296105151')),
(94, 'IN_SERVICE', 94, (select id from published_title where isbn = '9784798142412')),
(95, 'IN_SERVICE', 95, (select id from published_title where isbn = '9784296105168')),
(96, 'IN_SERVICE', 96, (select id from published_title where isbn = '9784798142429')),
(97, 'IN_SERVICE', 97, (select id from published_title where isbn = '9784296105175')),
(98, 'IN_SERVICE', 98, (select id from published_title where isbn = '9784798142436')),
(99, 'IN_SERVICE', 99, (select id from published_title where isbn = '9784798154080')),
(100, 'IN_SERVICE', 100, (select id from published_title where isbn = '9784295018537'));


insert into member (id, name, email)
values
(1, '山田太郎', 'taro.yamada@example.com'),
(2, '佐藤花子', 'hanako.sato@example.com'),
(3, '鈴木一郎', 'ichiro.suzuki@example.com'),
(4, '高橋次郎', 'jiro.takahashi@example.com'),
(5, '田中三郎', 'saburo.tanaka@example.com'),
(6, '渡辺陽子', 'yoko.watanabe@example.com'),
(7, '伊藤翔太', 'shota.itou@example.com'),
(8, '中村菜々', 'nana.nakamura@example.com'),
(9, '小林優', 'yuu.kobayashi@example.com'),
(10, '加藤真由', 'mayu.kato@example.com');

insert into circulation_record
(id, member_id, collection_id, since_date, due_date, actual_return_date, status)
values
(1, 1, 1, '2025-05-10', '2025-06-13', null, 'IN_RENT'),
(2, 2, 2, '2025-05-10', '2025-06-13', null, 'IN_RENT'),
(3, 3, 3, '2025-05-10', '2025-06-10', '2025-06-10', 'RETURNED'),
(4, 4, 4, '2025-05-10', '2025-06-12', null, 'IN_RENT'),
(5, 5, 21, '2025-06-01', '2025-06-22', null, 'IN_RENT'),
(6, 6, 22, '2025-06-01', '2025-06-22', null, 'IN_RENT'),
(7, 7, 23, '2025-06-01', '2025-06-22', null, 'IN_RENT'),
(8, 8, 24, '2025-06-02', '2025-06-23', null, 'IN_RENT');
